year,survey_area,avg_wt,avg_len,med_wt,med_len,b,sst,gsi,zp_small,zp_large,landings,ersst,ersst_anom,gsi_oisst_resid,gsi_ersst_resid,land_5,sst_5,ersst_5
1970,Georges Bank,0.5221370886812574,32.710138823067545,0.2027820324890003,27,-0.8666248523631873,NA,-0.9638780904092871,NA,NA,0.12395934448093968,10.412428108333334,-0.40011920531590783,NA,-0.859631517893201,NA,NA,NA
1971,Georges Bank,0.38516904025320015,26.77058841432756,0.1495782034972164,25,-0.9491649199224956,NA,-0.9514022665977778,NA,NA,0.23828500960412569,10.256517474999999,-0.556029995282491,NA,-0.7375368803310725,NA,NA,NA
1972,Georges Bank,0.4812452219820298,29.8776827573756,0.18034718409189693,27,-0.9160136828371928,NA,-0.058712438809067444,NA,NA,0.13692844585130548,10.069197358333334,-0.7433500190575918,NA,0.28685517795987214,NA,NA,NA
1973,Georges Bank,0.6415823801853441,34.90454785191145,0.2600391354995111,31,-0.8508498821723172,NA,0.11943426177892785,NA,NA,0.3169981905272837,10.688204716666666,-0.12434271971384683,NA,0.02978603574712613,NA,NA,NA
1974,Georges Bank,0.2947330360688501,19.183341922843532,0.006493614639032269,9,-1.0928695035043454,NA,0.6759867421277006,NA,NA,0.06650683669660636,10.883880908333333,0.07133348782857257,NA,0.4487611633378415,0.17653556543205218,NA,-0.35050169030825296
1975,Georges Bank,0.3657843494109004,26.359700950309648,0.10381683789532536,23,-1.0053123646948932,NA,-0.033448538843695454,NA,NA,0.23453519967938777,10.616933966666666,-0.19561318556467688,NA,-0.07298744323267493,0.1986507364717418,NA,-0.3096004863580068
1976,Georges Bank,0.44319680455107874,31.830855863266628,0.19684561169522236,29,-0.8812039080361777,NA,0.5148165168561576,NA,NA,0.19531948626947093,10.688729825,-0.12381752332051596,NA,0.4247990321884695,0.19005763180481083,NA,-0.22315799196561178
1977,Georges Bank,0.5671546830334876,32.7755738214395,0.275296723910394,33,-0.8643619851397054,NA,0.31445886345316626,-0.5834459863504577,0.3102706470921335,0.5184985294982739,10.358682241666667,-0.453865110874176,NA,0.45649347111751193,0.26637164853420453,NA,-0.16526101032892862
1978,Georges Bank,0.6203414003174471,32.385906431460995,0.21385239919152485,30,-0.9476087357196878,NA,-0.43978090851291335,-0.11997673472222976,0.3666973225365198,0.8137130264797595,10.30107405,-0.5114732980728149,NA,-0.25724274657633334,0.3657146157246997,NA,-0.24268712600072226
1979,Georges Bank,0.5463249131365467,34.37228434340765,0.2501985365126005,33,-0.8569079151065132,NA,-0.22075071319061954,-0.06359714705607068,-0.06886897025752485,1.1103417118863852,10.583152591666666,-0.22939473390579224,NA,-0.23653825786545757,0.5744815907626555,NA,-0.3028327703475952
1980,Georges Bank,0.4332352046245708,26.77457050824421,0.14294616856483486,26,-1.0309282395373165,NA,0.031904951130429515,-0.2878727474954165,-0.12323317241993137,1.7083702483913783,10.600640066666667,-0.21190724770228067,NA,0.003822186262555892,0.8692486005050536,NA,-0.30609158277511594
1981,Georges Bank,0.619633848576054,37.82718763059051,0.24986398297345563,34,-0.8283264924903926,NA,-0.5786813107650196,-0.1478296853097874,-0.09204619295884052,1.0746018496852436,10.540278175,-0.2722689708073934,NA,-0.5643245466936582,1.0451050731882081,NA,-0.33578187227249146
1982,Georges Bank,0.8114397644490725,36.973776633839016,0.23838006735472744,33,-0.8603117341318178,-0.1439701767123287,-0.49485657302356284,-0.18102644577781102,-0.09341444846729492,1.0986485165418889,10.560252825000001,-0.25229464968045556,-0.632833328952195,-0.49454348987946856,1.1611350705969312,-0.1439701767123287,-0.29546778003374735
1983,Georges Bank,0.6349845975315493,36.41692916478619,0.20511695307699296,33,-0.8568731272919626,0.33733591287671233,-0.2906453416306418,-0.1403497917956501,-0.006918704424075815,0.7932223593013628,11.297085341666667,0.4845378796259562,-0.75588319287281025,-0.8083894616650391,1.1570369371612517,0.09668286808219181,-0.09626554449399313
1984,Georges Bank,0.6549398054701343,32.65792840525697,0.2127935150627672,30,-0.9236296022464316,0.3073347128415301,0.4474456475753687,-0.25640907893008763,0.14846827728219233,0.42685771592226984,11.193294125,0.3807469407717387,0.0026069265262494076,0.0026755635118039835,1.0203401379684287,0.1669001496686379,0.025762790441513056
1985,Georges Bank,0.33997518316054465,23.204752611338005,0.03441164288197898,12,-1.008079685920978,0.14563125671232885,0.6752069262109731,-0.323154867597276,-0.03700398241809499,0.7778750704159515,10.893577716666666,0.08103038867314655,0.34031746887054987,0.4411635847257457,0.8342411023733434,0.16158292642956062,0.0843503177165985
1986,Georges Bank,0.717989213950176,38.156809286995994,0.22703746110118753,32,-0.857954132487354,-0.08176600602739717,0.2028943004965534,-0.04362885076102333,-0.10429707069283352,0.33047383205354897,10.549804841666667,-0.2627425193786621,0.022622203886064216,0.21055314260180694,0.6854154988470044,0.11291313993816908,0.08625560800234475
1987,Georges Bank,0.6380763556363295,41.83041516092965,0.3150165788409007,39,-0.8255275409848563,-0.6908588989041096,-0.6705036038930259,-0.42441923755803196,0.5068027656383642,0.3551571374516529,10.376329791666667,-0.43621764580408734,-0.4366267595650751,-0.5408766954463112,0.5367172230289572,0.0035353954998129044,0.0494710087776184
1988,Georges Bank,0.5681305931514423,34.65212853436304,0.19242864248150454,30,-0.9187152404777692,-0.4597115087431693,-0.6254831291191179,-0.003295591977762982,0.4059758273937999,0.671616876819854,10.058795858333333,-0.7537516057491302,-0.5487735214399363,-0.2726022943586905,0.5123961265326554,-0.15587408882416343,-0.1981868882973989
1989,Georges Bank,0.41846556132628737,31.64323727330174,0.17051901604352773,29,-0.942112371968067,-0.29585153178082185,-0.8500733654427425,0.3477920702461077,-0.3425995589399611,0.49202541687813567,10.529689308333333,-0.2828582525253296,-0.8847793344593302,-0.8282714174900083,0.5254296667238286,-0.2765113377486338,-0.33090792695681254
1990,Georges Bank,0.612892960499752,36.37608243162832,0.17805244627153535,28,-0.936318269807443,0.3550311049315069,0.10183942148837799,0.22711364638142273,-0.5339645611043217,0.8313907246996118,10.664893991666666,-0.14765357971191403,-0.3754301660207885,0.02858075272225737,0.5361327975805606,-0.2346313681047982,-0.37664472063382465
1991,Georges Bank,0.4595111417595638,30.074342287283763,0.13848340827079922,26,-0.9597421291784992,0.17637434054794532,0.8594426281408589,0.3145697619904246,-0.4501350718795816,0.7162119790187176,10.742611391666667,-0.06993571917215984,0.5036496013111107,0.731541559824137,0.6132804269735944,-0.1830032987897297,-0.3380833605925242
1992,Georges Bank,0.3791619860379855,30.491828593821314,0.14294616856483486,26,-0.9712897508313076,-0.6362744683060108,0.2817837356460688,0.19387583358887006,-0.055148165007013195,0.53427952538963,10.2212356,-0.5913117726643881,0.47854623438189975,0.5204552728176983,0.6491049045611899,-0.17208641267010993,-0.36910218596458433
1993,Georges Bank,0.5011686905610679,36.53310979978159,0.18824559847847863,29,-0.8642689967842649,-0.16087386958904107,0.5612926898983857,0.43854490113346645,-0.2937696064123664,0.4713278633196103,10.7344551,-0.07809233665466307,0.4348094952716682,0.43912643142286334,0.6090471018611411,-0.11231888483928429,-0.2339703321456909
1994,Georges Bank,0.246731203493952,28.45576603622468,0.1372870393298193,27,-0.9477216662136286,0.29398853534246583,0.8440283019521923,0.3686743851685004,-0.31051283010220504,-1.134161127926549,10.874170975,0.0616239110628764,0.40826423165249925,0.6236293981301421,0.28380979290020414,0.005649128585373248,-0.16507389942804973
1995,Georges Bank,0.25558619923205955,23.893996419432845,0.07790498485904158,16,-0.9828928690763732,-0.05567442767123282,1.0914106001657704,0.23899288614234598,-0.05447757435606295,-1.45185196698857,10.898866808333333,0.08631946643193562,0.8933976964140542,0.8536485780819936,-0.17283874543743227,-0.0764919779351747,-0.11827929019927978
1996,Georges Bank,0.3539954590123736,30.894360147712767,0.12156497106349866,26,-0.9109873162249426,-1.0425769349726774,-0.44704696209799855,0.6884366654570752,0.40008471772244564,0.0136136246624645,9.807292583333334,-1.0052546858787537,0.02597838297633935,0.08266236095592877,-0.3133584163086829,-0.32028223303929926,-0.3053430835405986
1997,Georges Bank,0.39004130766706196,29.432199898643656,0.14294616856483486,26,-0.9446042159846196,-0.4236879367123287,-0.380998800089314,0.43929674376121114,0.06268412471098482,0.03961128723465632,10.095092433333333,-0.7174547712008158,-0.32878319715041127,-0.05363778949847445,-0.4122920639396776,-0.27776492672056285,-0.3305716832478841
1998,Georges Bank,0.39084518778586697,28.617969297865884,0.11865715794217085,24,-0.9599972435264348,-0.4032994632876712,-0.253777622455349,0.7888008763333498,-0.03917097089686902,0.7357926204490303,10.65355315,-0.15899443626403806,-0.2154250357737752,-0.3190626850173947,-0.35939911251379364,-0.32625004546028885,-0.3467521031697591
1999,Georges Bank,0.3213156706446692,25.0614898158807,0.07789696232840233,22,-0.9699534091851456,0.9010590175342468,1.1224264965060022,0.2509806122334668,-0.4069431273853276,0.2754587887327332,11.65481775,0.842270274957021,0.2738886108900893,0.35316546205686916,-0.07747512918193716,-0.20483594902193267,-0.19062283039093017
2000,Georges Bank,0.26251740846064436,23.822780042793696,0.07515924584331372,21,-0.9827761250878436,0.3024642644808744,0.813799060333128,0.23782019939781296,0.051934176722693,0.24787591928128627,11.3079068,0.4953591227531433,0.3722719704884615,0.28844666741932606,0.2624704480720341,-0.13320821059151122,-0.10881489912668864
2001,Georges Bank,0.2521836900410793,25.32462345293342,0.13389422510671234,25,-0.9375065619514348,0.4058098936506549,0.3042299183685331,0.39294142051797787,0.3137995251998742,0.5157680179069255,11.027232875,0.21468572815259296,-0.20756639210213196,-0.023784724065868332,0.36290132672092634,0.15646915513315524,0.13517318367958067
2002,Georges Bank,0.5500447083925073,33.65011983083282,0.22786968812778713,29,-0.8965169852571592,0.8125781215805932,1.3114632326930973,-0.23322320833926108,0.10486591347673324,0.2910057172598752,11.202637033333334,0.3900899092356364,0.523087384397011,0.8601242311085489,0.4131802127259701,0.4037223667917396,0.35668211976687114
2003,Georges Bank,0.2034248654612519,20.582354363726793,0.025743329852440638,14,-1.0883932932155336,-0.08288560046551412,0.18532698198447872,-0.2381114330419723,0.6141140040875205,0.8012724340842218,10.537223458333333,-0.2753238280614217,0.005816146679529906,0.20183157577587316,0.4262761754530084,0.467805139356171,0.3334162414073944
2004,Georges Bank,0.37966117271034194,28.630996838097115,0.154333975580013,25,-0.9156909468608758,-0.7686907670118571,-0.16685863689473662,-0.530413471045776,0.8368384771262667,-0.7921503033823787,10.440943166666667,-0.37160401542981464,0.1199395042092194,-0.0826607171361484,0.21275435702998602,0.13385518244695024,0.09064138333002728
2005,Georges Bank,0.4880009441524057,33.71790561687852,0.23838006735472744,29,-0.8737962145298881,0.12774874149293672,-0.1456820679664655,-0.4775617477630177,0.5573480259285452,-1.108380410298824,11.062540516666667,0.2499930560588836,-0.46841241981404913,-0.4985208255414628,-0.058496908886036036,0.0989120778493627,0.04156816999117533
2006,Georges Bank,0.3940751093803969,28.791971483792672,0.17805244627153535,28,-0.9067328077453808,0.47309572661749855,-0.058880741843763615,-0.25193164562769926,0.05670295354090937,-1.2430670785619438,11.41354905,0.6010016798973083,-0.6164276377986357,-0.6585090190514458,-0.4102639281798099,0.11236924444273144,0.1188313603401184
2007,Georges Bank,0.5529408505065064,33.41640487818964,0.22786968812778713,30,-0.8572939831878653,-0.5102395841747711,-0.819239905921597,-0.21171323605791675,0.39042918614707284,-1.3363824144964476,10.795915225,-0.01663247744242352,-0.7081740462283386,-0.9846177783051098,-0.7357415545310745,-0.15219429670834142,0.03748688300450642
2008,Georges Bank,0.6527551180054444,37.83636199821999,0.29129047156202015,34,-0.8319876934091851,-0.02916278391963769,0.23865519604611968,-0.04770819276786413,-0.07539603892337428,-1.40882910983719,10.871448475,0.058901111284891755,0.02261586428864646,0.020170656725763684,-1.1777618633153568,-0.14144973339916614,0.1043318708737691
2009,Georges Bank,0.4672540431852543,31.966901556774694,0.13151957415507431,26,-0.923386662612814,0.07426782305283645,0.7023776056300141,-0.1977873050990637,0.06029105876407129,-1.4731191553338407,10.990178625,0.17763110001881918,0.4160112731157931,0.4004155820096486,-1.3139556337056493,0.027141984613772582,0.21417889396349588
2010,Georges Bank,0.3211663179787696,28.49694302818491,0.09838895402854708,24,-0.9927727336118092,0.5317206199627436,0.33538587117046775,-0.27465959241064025,-0.021295074721723258,-1.4581411757822391,11.5629442,0.750396986802419,-0.2620226580024375,-0.3692802698461142,-1.3839077868023322,0.10793636030773396,0.31425968011220295
2011,Georges Bank,0.25295290170280255,27.331289672874284,0.11074453440499948,24,-0.9765971362913805,0.5474586199180123,-0.10256391011976829,-0.1108963184109817,-0.11173024622710971,NA,11.3575526,0.5450052420298259,-0.7106733949107569,-0.6628218326867656,-1.4191179638624294,0.12280893896783669,0.3030603925387065
2012,Georges Bank,0.3227783801756211,32.22126258552807,0.1717126924432989,29,-0.9212378052512232,1.800189002136214,0.7098424840359252,-0.05129056917129668,-0.5127077494448061,-1.4730245819686925,12.695949083333334,1.8834015130996704,-0.7500532670940636,-0.7914241499510724,-1.4532785057304904,0.5848946562300337,0.6830671906471253
2013,Georges Bank,0.13181845758535105,21.85267047708519,0.03888572918183572,16,-1.06706324221085,1.0749173895725868,0.7358391694330189,-0.04833966919448522,-0.051539995853488264,-1.472255559004325,11.948405175,1.135857880115509,-0.23091263969937498,-0.23983942608585468,-1.4691351180222743,0.8057106909284786,0.8984585444132487
2014,Georges Bank,0.17404645691609555,24.44111852223705,0.07746863351034676,21,-0.9894206143195696,0.8644140687479768,1.1380616384107307,0.14230982238755252,-0.12601514497597308,-1.4683281696982788,11.931240616666667,1.1186934510866802,0.3144402588123145,0.17445112585936814,-1.467937371613384,0.9637399400675066,1.0866710146268208
2015,Georges Bank,0.2440267153444178,27.93778364600777,0.14911959600976707,26,-0.9199019842200976,0.9861093318398088,1.3101014395291486,0.28284362501848204,-0.21402835610303625,-1.4729004044198684,12.170582533333333,1.3580353061358135,0.40373411934247366,0.17821283514731046,-1.471627178772791,1.0546176824429196,1.2081986784934997
2016,Georges Bank,0.23293253306522516,25.805278173340906,0.12156497106349866,25,-0.9794833431958948,1.3131757090418914,1.6183523338941659,0.3358255948766772,-0.32945095698651955,-1.4731300140112509,12.884735925,2.07218865553538,0.4895982557614705,-0.01564804231559423,-1.4719277458204831,1.2077611002676956,1.5136353611946105
2017,Georges Bank,0.3551450199283085,29.392331544177942,0.21062182109240282,29,-0.9580340452721052,0.7014687237446657,1.1513670058882908,0.45426561585824654,-0.15031765708074973,-1.4728579298459148,12.32553055,1.5129830837249756,0.43853930464860313,-0.08946333098210212,-1.4718944153959275,0.9880170445893859,1.4395516753196715
2018,Georges Bank,0.2862763921129737,25.421482935587722,0.0948578129619738,21,-1.027198701713996,1.0992837030366078,1.2450730714262486,0.0025053600812979596,0.06935664231357218,-1.4721391311221157,11.970472733333333,1.1579254269599915,0.26175353833300236,0.25387907567114465,-1.4718711298194858,0.9928903072821901,1.4439651846885682
2019,Georges Bank,0.4132232544908903,30.586658257543476,0.1427150306695537,27,-1.0093546769691748,0.3265999218961365,1.8400516551375767,-0.16400578648291372,0.10144997487636648,-1.4639849273379872,11.28702605,0.47447870175043744,1.382113674484163,1.3293800099861375,-1.4710024813474274,0.8853274779118221,1.3151222348213196
1970,Gulf of Maine,0.7562256880418555,34.575421997678696,0.31111833618864165,28,-0.8173718867482875,NA,-0.9638780904092871,NA,NA,0.21115501672136103,8.147206308333333,-0.32611528038978577,NA,-0.9116626984486335,NA,NA,NA
1971,Gulf of Maine,0.7494775259730083,34.11803638818312,0.4013059885057061,30,-0.8024921625385611,NA,-0.9514022665977778,NA,NA,0.2171587271528621,7.98668845,-0.48663302262624103,NA,-0.7863289736948016,NA,NA,NA
1972,Gulf of Maine,0.6381315866641035,32.50031204114401,0.29993175222600554,28,-0.8680758770511647,NA,-0.058712438809067444,NA,NA,0.23068974155919617,7.548462675,-0.924858957529068,NA,0.4144717112648597,NA,NA,NA
1973,Gulf of Maine,0.8784769519626547,37.53321054646031,0.4013059885057061,32,-0.8164994051529267,NA,0.11943426177892785,NA,NA,0.32221263558336555,8.314622758333334,-0.15869887669881186,NA,0.053941395196777556,NA,NA,NA
1974,Gulf of Maine,0.7736916067244982,35.70085470008214,0.35863517558286584,31,-0.8700414471010087,NA,0.6759867421277006,NA,NA,0.4439947507610147,8.460319775,-0.013001879056294777,NA,0.5080562440511385,0.2850421743555599,NA,-0.38186160326004026
1975,Gulf of Maine,0.5067049282409075,29.4116966406849,0.12204418978947676,25,-0.9484993448830492,NA,-0.033448538843695454,NA,NA,0.5009808074023232,8.270946408333334,-0.20237513383229574,NA,-0.06823320686520926,0.34300733249175236,NA,-0.35711357394854226
1976,Gulf of Maine,0.8291923141953631,36.48202818238339,0.23838006735472744,31,-0.8509943739398814,NA,0.5148165168561576,NA,NA,1.0838732400549225,8.34205265,-0.13126877943674722,NA,0.43003791178486167,0.5163502350721644,NA,-0.2860407253106435
1977,Gulf of Maine,0.8366544814066866,37.105957681855365,0.2854348441242005,32,-0.8207452737356088,NA,0.31445886345316626,-0.38452725485924777,0.21759771024756713,1.107176301059114,7.915798166666667,-0.5575234293937683,NA,0.5293742634856157,0.691647546972148,NA,-0.21257361968358357
1978,Gulf of Maine,0.8662060818346146,37.09658682127705,0.35863517558286584,33,-0.8138883444802487,NA,-0.43978090851291335,-0.20744072538234598,0.06606133424363186,1.4840265696935142,7.8972006,-0.5761209925015768,NA,-0.2117898079021577,0.9240103337941777,NA,-0.29605804284413656
1979,Gulf of Maine,0.6799274578173585,32.65511284722066,0.3045114163917936,29,-0.8718028450489964,NA,-0.22075071319061954,-0.09461390065971696,0.019043165097000662,1.956607008685625,8.247028175,-0.22629336516062418,NA,-0.2387187891995714,1.2265327853790997,NA,-0.33871634006500245
1980,Gulf of Maine,0.7347809019099322,35.64334825807483,0.3137534988773952,32,-0.8457941665426442,NA,0.031904951130429515,-0.1190726615071385,-0.11711375392893843,2.457235092940392,8.366864716666667,-0.1064570148785909,NA,-0.07031847734601825,1.6177836424867136,NA,-0.3195327162742615
1981,Gulf of Maine,0.8557064776637322,37.73779616405203,0.39896658535939156,33,-0.8169139541021666,NA,-0.5786813107650196,-0.17209127323589932,-0.33490434659648904,1.9420174298924415,8.263094166666667,-0.21022744973500568,NA,-0.607945119360225,1.7894124804542173,NA,-0.33532445033391317
1982,Gulf of Maine,0.9354981273351289,41.39055927465058,0.4473454929184048,35,-0.8196099380789849,-0.01895042438356174,-0.49485657302356284,-0.08710656401939029,-0.19473861487695238,1.230152959078188,8.307787833333334,-0.16553392012914023,-0.7178397354114889,-0.5555438109963837,1.814007812058032,-0.01895042438356174,-0.25692654848098756
1983,Gulf of Maine,0.5714304105624912,32.76512135621222,0.1656237885934259,28,-0.8901266203678252,0.4879208339726027,-0.2906453416306418,-0.36060638268505535,-0.15336779574743736,1.2072320189790582,8.931393875,0.4580722451210022,-0.8582724775328514,-0.7897818241807295,1.758648901915141,0.23448520479452048,-0.050087900956471754
1984,Gulf of Maine,0.7870698848847305,38.24379462813763,0.3033482086607132,33,-0.8381324187132506,0.3884067169398907,0.4474456475753687,-0.40742984841574825,-0.14008485610149055,1.191226239594869,8.832538233333333,0.3592164715131124,-0.05251748065327927,0.017813351602869756,1.6055727480969897,0.28579237550964387,0.06701406637827556
1985,Gulf of Maine,0.6345827822117694,35.6994469876822,0.21886793904854346,30,-0.8960916025584513,-0.0657142942465754,0.6752069262109731,-0.520762539173576,-0.005301820897031759,0.7393091895089778,8.585596433333333,0.11227476596832274,0.4840205675691553,0.4191960764076358,1.2619875674107068,0.19791570807058906,0.11076042254765829
1986,Gulf of Maine,0.4600882581245093,31.031356657731457,0.11491417475396686,25,-0.9496554828560388,-0.21180551890410967,0.2028943004965534,-0.2997391103303333,-0.04615085475921231,0.6743569659373924,8.257896166666667,-0.2154253919919332,0.11104176544700034,0.1772850963342466,1.008455474619697,0.11597146267564933,0.10972083409627278
1987,Gulf of Maine,0.5108840379182156,33.82809468088025,0.18781622257990233,28,-0.8692304230106618,-0.6866728835616439,-0.6705036038930259,-0.22987517801966886,0.10305601785498841,0.5408635455016694,8.036094275,-0.4372272292772929,-0.43947301477689726,-0.5401668706629286,0.8705975919043933,-0.017573029159967113,0.05538217226664225
1988,Gulf of Maine,0.6303401566871948,34.742786299084976,0.21695426763214803,29,-0.904134625501532,-0.5244077125683061,-0.6254831291191179,0.072975030663206375,-0.27822878472488044,0.4887963743340688,7.7556430333333335,-0.7176785866419474,-0.504783738255352,-0.2979647568526612,0.7269104629753955,-0.22003873846814886,-0.17976799408594768
1989,Gulf of Maine,0.30716656952974675,26.67885762428598,0.08994576091367032,24,-0.9983339100779448,-0.20716149041095896,-0.8500733654427425,0.7661692954490392,-0.17131340378747895,0.1828659046080756,8.206914158333333,-0.26640741030375165,-0.945083578909856,-0.839837787013981,0.5252383959780368,-0.3391523799383188,-0.3048927704493205
1990,Gulf of Maine,0.5646004047778255,36.32806758731539,0.178484665485506,29,-0.8718174675096779,0.00656267890410955,0.10183942148837799,0.7947338790502098,-0.7267772313213613,0.6712814164046197,8.349380658333333,-0.1239411234855652,-0.1384912174999372,0.01190883846152552,0.5116328413571651,-0.3246969853081818,-0.3521359483400981
1991,Gulf of Maine,0.43870701681492275,32.69259016808613,0.1543045279990456,27,-0.9327870616677056,0.02732802958904114,0.8594426281408589,0.7208339559742176,-0.4986390472611684,0.6988633890796208,8.42221135,-0.05111034711201985,0.6049927175357586,0.7183056897853225,0.5165341259856109,-0.27687027560955163,-0.3192729393641154
1992,Gulf of Maine,0.31386950872500596,27.811390723662768,0.12854661883778146,24,-0.9760303706409884,-0.8401970803278689,0.2817837356460688,0.43070986108758,-0.3304892979441655,0.6537740574022998,7.741907266666667,-0.7314143081506094,0.6172021517139503,0.6189595119838608,0.5391162283657369,-0.30757511496279666,-0.37811035513877866
1993,Gulf of Maine,0.362666233605448,29.259851570704562,0.12898467399650201,25,-0.946871203385153,-0.5307804073972603,0.5612926898983857,0.74485069961815,-0.37498403185821566,0.5114120020520364,8.199369841666666,-0.27395151058832806,0.6863251551506413,0.5768324254299894,0.5436393539093305,-0.3088496539285875,-0.28936493992805484
1994,Gulf of Maine,0.4683117814082002,35.32117244199593,0.14606314798561623,26,-0.9118406066372364,0.04689151041095884,0.8440283019521923,0.1414919551857334,-0.1493773680771233,-0.3914306221565412,8.35354355,-0.11977812647819519,0.5762763237015469,0.7511707708052444,0.4287800485564071,-0.25803905376420394,-0.26003908316294355
1995,Gulf of Maine,0.2540603657991085,26.190250035268775,0.10708755232631531,24,-1.005497713207154,-0.1581896323287671,1.0914106001657704,0.340864456804549,0.05995045923111511,-0.4161848949866355,8.479212541666666,0.005891104539235431,0.9631022750350346,0.9101966952743508,0.21128678627815606,-0.29098951601077927,-0.2340726375579834
1996,Gulf of Maine,0.36085885984199856,30.152190895223253,0.1543045279990456,25,-0.904577865002328,-0.6942146000000001,-0.44704696209799855,0.32756061533370556,0.023381355714308015,0.6134607094246893,7.577455958333333,-0.8958655198415121,-0.2108884295887832,0.005752285516364492,0.19420625034716976,-0.4352980419285875,-0.40302367210388185
1997,Gulf of Maine,0.3570281979965462,28.567694929208294,0.14269184292893547,23,-0.9404970171756843,-0.27247785890410964,-0.380998800089314,0.34362730840594297,0.021281266953754423,0.5782606231886296,7.902805166666666,-0.5705164074897766,-0.4315975532459581,-0.15694820905258922,0.17910356350443574,-0.32175419764383567,-0.3708440919717153
1998,Gulf of Maine,0.24091176470907494,25.79563932170373,0.07896059071220805,22,-1.0047534425618097,-0.34098679479452054,-0.253777622455349,0.41020183264222765,-0.23199518463826652,-0.2907601271984359,8.404487441666667,-0.06883410612742108,-0.25779414886849994,-0.38245322032966195,0.01866913765434126,-0.28379547512328773,-0.3298206110795339
1999,Gulf of Maine,0.3022072621380192,26.671222407531985,0.12156497106349866,24,-0.9783195864605152,0.6057412821917808,1.1224264965060022,0.2186225523130146,0.09082962764066005,-0.709183908052442,9.260490058333334,0.7871685226758321,0.4746880763948968,0.39190677509837846,-0.04488151952483891,-0.17202552076712332,-0.14843128124872842
2000,Gulf of Maine,0.2962806929948817,27.48145553443923,0.14269184292893547,24,-0.9567794703349272,0.5676531986338796,0.813799060333128,0.29504871760316637,-0.06411136239551835,-0.8000093055268408,8.961373166666666,0.4880516330401103,0.19195839679143378,0.29358446675963606,-0.12164640163287996,-0.026856954574593972,-0.05199917554855347
2001,Gulf of Maine,0.3539304095017795,29.415940743486054,0.1543045279990456,26,-0.9174136836244574,0.1270287733320429,0.3042299183685331,0.1425531764378484,0.380168573411653,-0.8386814064263531,8.749016508333334,0.2756948471069336,-0.01801089558617631,-0.0666794284617517,-0.41207482480308844,0.13739172009181463,0.18231289784113566
2002,Gulf of Maine,0.3871597320739638,29.91145855915138,0.19097156624409692,25,-0.9079405067932224,0.641734539069289,1.3114632326930973,-0.38185103722800634,0.1400162963583888,-0.8421602071439112,8.90483455,0.43151283264160156,0.6392514204425066,0.8310003216804849,-0.69615899086959665,0.32023419968649436,0.3827187458674113
2003,Gulf of Maine,0.3117586603464363,26.00136391876807,0.1656237885934259,25,-0.9560232512055412,-0.19911466257728055,0.18532698198447872,-0.2962917283795556,0.2629646610585587,-0.8078006221806071,8.023529616666666,-0.44979198773701984,0.08484537775873673,0.32449783065785937,-0.7995670898660309,0.34860862612994237,0.30652716954549153
2004,Gulf of Maine,0.3445934790195063,27.579737853232043,0.19097156624409692,26,-0.921719156818274,-0.7648232027248154,-0.16685863689473662,-0.6066205898442995,0.296235348635272,-1.099265926965041,7.994218741666667,-0.4791029095649719,0.11730977782064711,-0.007079666862943798,-0.8775834936485507,0.07449572914662311,0.053272883097330734
2005,Gulf of Maine,0.5005090064716874,32.47688515290689,0.282843388854105,27,-0.8425911325144688,-0.3377833767348032,-0.1456820679664655,-0.5568249416448684,-0.10728863033085002,-1.0533375524589568,8.555991166666667,0.08266962567965191,-0.15187673865338905,-0.38087793530412273,-0.9282491430349739,-0.10659158592711344,-0.027803518374760937
2006,Gulf of Maine,0.5937795390010004,36.73439794647357,0.2494468512681148,27,-0.841476943287702,0.4831963399450182,-0.058880741843763615,-0.47252358500557085,0.03388426981336719,-1.1294818752273614,9.134703341666667,0.6613816618919373,-0.6232954872865262,-0.7009613855743374,-0.9864092367951756,-0.035358072604518384,0.04933384458223979
2007,Gulf of Maine,0.4128544234134005,30.056174943581016,0.19097156624409692,25,-0.9119187878462476,0.12133449568625242,-0.819239905921597,-0.40173335864531395,0.1891164975587199,-1.2072575877082927,8.598229458333334,0.12490779161453248,-1.1376089310506716,-1.08413286892387,-1.0594287129080517,-0.1394380812811257,-0.011987163623174021
2008,Gulf of Maine,0.39267151538967726,29.860289053865902,0.2494468512681148,26,-0.8907160579527534,0.31157542365220703,0.23865519604611968,-0.2869697869579803,0.16250238010615095,-1.2253249291500752,8.613562025,0.14024049043655396,-0.2090669700597515,-0.03701798464875653,-1.1429335743019455,-0.03730006403522819,0.10601933201154073
2009,Gulf of Maine,0.2828970048712876,24.92372555208042,0.0797698664495653,20,-1.0019634916427018,0.23855233951275548,0.7023776056300141,-0.3285752768237377,0.025897122891747715,-1.2167860913176027,8.605191425,0.1318698525428772,0.3043070334174473,0.43258970969597765,-1.1664376071724578,0.16337504441228598,0.22821388443311055
2010,Gulf of Maine,0.23479055447389544,23.765790651765432,0.07896059071220805,22,-1.015527333262357,0.9847406783281047,0.33538587117046775,0.02430693207486091,-0.07595644044974696,-1.2196746597514818,9.380117133333334,0.9067955414454142,-0.5700508415357834,-0.47924202448767,-1.1997050286309627,0.42787985542486756,0.393039067586263
2011,Gulf of Maine,0.2666744509558248,26.208304217588804,0.10790692927253924,23,-0.961241654480884,0.818875838382351,-0.10256391011976829,-0.39417998941769394,-0.08699116657466695,-1.2119094578242595,9.074122,0.6008002758026123,-0.8952218519590247,-0.7020505827730137,-1.2161905451503423,0.49501575511233414,0.38092279036839805
2012,Gulf of Maine,0.280587966129997,26.405135417545683,0.10191576396158197,23,-0.9861026137737188,2.1688591722163797,0.7098424840359252,0.2211389641738019,-0.1742693042749563,-1.220369410994914,10.373527266666667,1.9002057711283367,-1.000728266392078,-0.803239001453374,-1.2188129098076665,0.9045206904183596,0.7359823862711589
2013,Gulf of Maine,0.26088579776125453,26.886493234511896,0.10790692927253924,24,-0.9762860322776308,1.3108662204331656,0.7358391694330189,0.17420433291725795,-0.08288747376399128,-1.2318449373339286,9.487869675,1.014547884464264,-0.39134458622079193,-0.1545479730553592,-1.2201169114444372,1.1043788497745513,0.9108438650767009
2014,Gulf of Maine,0.2539177739088868,26.656491757040257,0.1372870393298193,25,-0.9592905172577134,1.1084001127119676,1.1380616384107307,-0.045853130949332355,-0.1016232681164662,-1.2282990481927254,9.571132225,1.097810685634613,0.14854345900857835,0.18913352197306024,-1.2224195028194618,1.2783484044143938,1.104032031695048
2015,Gulf of Maine,0.28436861914612305,27.87312741400788,0.19097156624409692,27,-0.9242249878561482,0.959808651138406,1.3101014395291486,0.5490276342211069,0.1381293600568591,-1.2282141152778805,9.594455933333334,1.1211341619491577,0.4216171043285599,0.34477489546059364,-1.2241273939247417,1.273361998976454,1.1468997557957967
2016,Gulf of Maine,0.4323474076557124,34.198320794872586,0.21886793904854346,28,-0.8809933447753595,1.6481240412809612,1.6183523338941659,0.7228797910940744,0.23548925137654417,-1.228716171753602,10.305589191666666,1.8322677612304688,0.26185221129402036,0.1530371643550219,-1.22748873671061,1.439211639556176,1.393193252881368
2017,Gulf of Maine,0.37918970486075915,31.64489463947463,0.17371866758531843,27,-0.9124998157447504,1.1201036293977669,1.1513670058882908,0.22001344058754496,-0.03990406201428627,-1.2312615597370131,9.694993591666666,1.221671998500824,0.1538910927851474,0.11535363903980222,-1.22966716645903,1.2294605309924536,1.2574864983558656
2018,Gulf of Maine,0.2913020031354968,26.61962978066741,0.13644663585249375,25,-0.9720097672574918,1.543932905992164,1.2450730714262486,0.622213013488712,0.13598507302685714,-1.2372581409511167,9.314136583333333,0.8408151666323344,-0.04058293389774398,0.47683510438935167,-1.2307498071824676,1.2760738681042532,1.2227399547894795
2019,Gulf of Maine,0.32472821932759316,29.251175835451118,0.1441710443713423,26,-0.9456667238878526,0.710451509277862,1.8400516551375767,0.13224177396733,0.009190255593684154,-1.235301243697676,8.905183633333333,0.4318622946739197,1.1211161644970309,1.3593430419933685,-1.2321502462834577,1.196484147417432,1.0895502765973408
1970,Mid-Atlantic Bight,0.09512196186512728,16.791862953066012,0.03865619703150908,15,-1.0979474196170935,NA,-0.9638780904092871,NA,NA,-0.9009751809950216,15.974324766666667,-0.5448748270670573,NA,-0.7578557553337568,NA,NA,NA
1971,Mid-Atlantic Bight,0.0905831451314563,15.404123039295413,0.02593622739833286,13,-1.1381688178866445,NA,-0.9514022665977778,NA,NA,-0.9009217937628964,16.169418833333335,-0.3497805595397949,NA,-0.8825481299546216,NA,NA,NA
1972,Mid-Atlantic Bight,0.11927442952714584,14.416473406555047,0.024159224670617745,11,-1.143528210718458,NA,-0.058712438809067444,NA,NA,-0.9004658465553864,16.37605316666667,-0.14314603805541987,NA,-0.13514030047981165,NA,NA,NA
1973,Mid-Atlantic Bight,0.2414313364986041,24.270902457114826,0.12072108489810798,23,-0.977675106461972,NA,0.11943426177892785,NA,NA,-0.8984818435415233,16.968176083333333,0.44897715250651044,NA,-0.37330758148053705,NA,NA,NA
1974,Mid-Atlantic Bight,0.5698233425153303,29.171064582167844,0.05790642108973199,17,-0.9774287604805116,NA,0.6759867421277006,NA,NA,-0.900611323013825,17.2376015,0.718402624130249,NA,-0.006184585774394031,-0.9002911975737306,NA,0.025915670394897485
1975,Mid-Atlantic Bight,0.20572706542227936,18.55551456343752,0.030209392221257604,12,-1.0749902828213564,NA,-0.033448538843695454,NA,NA,-0.9009883440969876,17.139003375,0.6198042233784993,NA,-0.6462966356183514,-0.9002938301941237,NA,0.2588514804840088
1976,Mid-Atlantic Bight,0.1569008880668301,15.105565336042721,0.03778321612042515,12,-1.1291840790559209,NA,0.5148165168561576,NA,NA,-0.9002951161365829,16.380381333333332,-0.13881810506184894,NA,0.43534574275549665,-0.9001684946688611,NA,0.301043971379598
1977,Mid-Atlantic Bight,0.1388703474758052,17.971845645682794,0.07034546830112744,17,-1.0660754806308557,NA,0.31445886345316626,0.157380765684986,0.1817663037972444,-0.9006064041901909,16.071244833333335,-0.4479541778564453,NA,0.4523375723134467,-0.9001966061958219,NA,0.24008234341939289
1978,Mid-Atlantic Bight,0.37918941557561076,26.527772619099242,0.05506302706584822,18,-0.9992309504469092,NA,-0.43978090851291335,0.2131083511102702,-0.33105858637717617,-0.6714405593168296,15.907127975,-0.61207115650177,NA,-0.18651372320855794,-0.8547883493508832,NA,0.027872681617736806
1979,Mid-Atlantic Bight,0.11718501340675565,14.772634297134664,0.03441164288197898,12,-1.1205518167578892,NA,-0.22075071319061954,0.27533471991211367,-0.3917994683525021,-0.7921617256309296,16.057968083333332,-0.4612313111623128,NA,-0.07353702755733986,-0.833098429874304,NA,-0.20805410544077557
1980,Mid-Atlantic Bight,0.18769287658891642,19.01951782587951,0.03441164288197898,15,-1.088538454796122,NA,0.031904951130429515,0.278229070810881,-0.4461006039893729,-0.7511321830903868,16.444460916666667,-0.0747385025024414,NA,-0.09261934376682895,-0.8031271976729839,NA,-0.3469626506169637
1981,Mid-Atlantic Bight,0.2483680841144192,19.271112584235357,0.03441164288197898,12,-1.081248938341016,NA,-0.5786813107650196,0.09885909837423495,-0.3570229177753879,-0.7439891026506158,15.777270333333334,-0.7419290542602539,NA,-0.23411275554595057,-0.7718659949757906,NA,-0.46758484045664467
1982,Mid-Atlantic Bight,0.571981533732551,27.816975599386996,0.050187754636874526,17,-1.0069095674584936,-0.5655431808219179,-0.49485657302356284,0.12044010103288064,0.04304991633207102,-0.7963821325454806,16.446073124999998,-0.07312575976053876,-0.346187375236294,-0.6205147660063238,-0.7510211406468484,-0.5655431808219179,-0.3926191568374634
1983,Mid-Atlantic Bight,0.35400888909576433,23.94141437973826,0.03932000856484112,13,-1.0259945192787625,0.1185257583561644,-0.2906453416306418,0.13403062953374864,-0.24679913012846488,-0.7947723837764858,16.85358925,0.3343903223673503,-0.6071045832041417,-0.702822700584749,-0.7756875055387797,-0.22350871123287674,-0.2033268610636393
1984,Mid-Atlantic Bight,0.20539050808469433,18.900671285383936,0.02875908743843548,12,-1.0856735466865337,-0.32111081502732247,0.4474456475753687,0.2661253870044746,-0.39727574681747946,-0.7720736960528409,16.438629666666667,-0.08056982358296713,0.4299145717938588,0.32702127738238,-0.771669899623162,-0.2560427458310253,-0.12719456354777017
1985,Mid-Atlantic Bight,0.38998837873030967,23.147908992910384,0.03778321612042515,13,-1.0513090454455227,0.9268990975342464,0.6752069262109731,-0.1287612983880316,-0.25416860958856996,-0.806762477524157,17.112563,0.5933638413747152,-0.19090076179619933,0.0809487122211407,-0.782795958509916,0.039692715010292604,0.006425905227661138
1986,Mid-Atlantic Bight,0.19640507690792156,18.372428413613626,0.03441164288197898,13,-1.1102777224359324,0.6697049210958904,0.2028943004965534,-0.09614683789227278,0.41712059484511016,-0.8002928710190835,16.981685916666667,0.46248682339986164,-0.4883357998172101,-0.2993460136372339,-0.7940567121836096,0.16569515622741215,0.24730908075968425
1987,Mid-Atlantic Bight,0.3435589637573792,24.50787779251515,0.05399547921304331,16,-1.0204180387966744,-0.24927000684931505,-0.6705036038930259,0.0519571619956609,0.6292281648104121,-0.7932262722882564,16.314269083333333,-0.20493006706237793,-0.7368823923486445,-0.7034919321618279,-0.7934255401321647,0.22894979102193275,0.2209482192993164
1988,Mid-Atlantic Bight,0.32150203944162015,22.877486162570225,0.05778156827833339,18,-1.0433987719307372,-0.7354889994535521,-0.6254831291191179,0.11989790748538785,0.5669822417130196,-0.7684718687013034,15.723409966666667,-0.7957892020543417,-0.36126032427727717,-0.243046216547191,-0.7881654371171283,0.05814683945998944,-0.0050876855850219786
1989,Mid-Atlantic Bight,0.1892164935568267,18.123078030977883,0.02668506948648196,12,-1.1122825917116472,0.3036955873972604,-0.8500733654427425,0.8994056571891026,0.2924534730026897,1.511729886218868,16.616615916666667,0.09741711616516113,-1.292437685679913,-1.0956379982338142,-0.3314047206627865,0.183108119944906,0.030509702364603673
1990,Mid-Atlantic Bight,0.2595345592328048,18.98243153019338,0.03441164288197898,12,-1.0835859294854124,0.24057071972602748,0.10183942148837799,0.2795714335174451,-0.15602599035806664,1.9483822169634113,16.868795833333333,0.3495966593424479,-0.2976035358521612,-0.3210293118155075,0.2196242182347272,0.04584244438326223,-0.018243734041849792
1991,Mid-Atlantic Bight,0.266529230948013,21.635760954573968,0.04227540347813696,16,-1.054850343943702,0.5282052279452055,0.8594426281408589,0.237926113253236,-0.835509450012307,1.6793901642648432,17.050480333333333,0.5312811533610026,0.2644243680025679,0.3088339307494069,0.7155608252915125,0.017542505753125253,-0.004484868049621604
1992,Mid-Atlantic Bight,0.3817921371618755,24.2008181767067,0.02668506948648196,11,-1.0605142497157585,-0.8669004071038252,0.2817837356460688,0.4827111017540353,0.22986123388649668,1.5491991264769056,15.657309583333333,-0.8618896007537842,0.6353589134051985,0.7106949640458412,1.1840459050445449,-0.10598357429777677,-0.13587677478790286
1993,Mid-Atlantic Bight,0.44995736079432314,27.542892957813073,0.06605792388181526,19,-1.0076976471685677,-0.41490712136986296,0.5612926898983857,0.23997287037331852,0.054444216741775846,1.803517154805795,15.833349258333334,-0.68585006395975745,0.60753783181699506,0.8664328489532734,1.6984437097459646,-0.041867198681038956,-0.11388894716898601
1994,Mid-Atlantic Bight,0.17945626074506804,16.711715106317435,0.01484471791845789,9,-1.163088992479612,-0.18426522054794517,0.8440283019521923,0.27359428079965864,-0.14305553771214663,1.2471181546904044,16.171122508333333,-0.34807666142781574,0.7334499115680524,0.9116844503751163,1.645521363440272,-0.13945936027008007,-0.20298770268758137
1995,Mid-Atlantic Bight,0.27896570729982256,23.69185056585707,0.05399547921304331,17,-1.026801077441687,0.4270267,1.0914106001657704,-0.33517036465613304,-0.2677589894475628,1.9307676470927024,16.416366583333332,-0.10283279418945317,0.5651880535947675,0.9866390300706517,1.6419984494661302,-0.10216816421528557,-0.2934735933939616
1996,Mid-Atlantic Bight,0.2801986433673297,23.726205987506578,0.031822389047457184,15,-1.0727357085857212,-1.2475249325136613,-0.44704696209799855,0.5006721660682827,-0.03681579461474619,1.6932737014342434,15.176172108333333,-1.3430270751317344,0.16533150484281461,0.3201456591648605,1.6447751569000102,-0.45731419630705894,-0.668335239092509
1997,Mid-Atlantic Bight,0.2427166353909722,20.800633026712866,0.0434808136884408,13.75474139829647,-1.0929982894813195,-0.5244883632876713,-0.380998800089314,0.18623619548442297,-0.5947212334145239,1.3078259947988862,15.896867916666666,-0.6223311424255371,-0.26024457126831435,-0.12051795441993537,1.5965005305644062,-0.38883178754382813,-0.6204235474268596
1998,Mid-Atlantic Bight,0.17447402126107445,17.94501465125579,0.024159224670617745,11,-1.1177643141395297,-0.07391028301369869,-0.253777622455349,0.6700479234816685,0.46052533369316934,1.4635449699285723,16.642085083333335,0.12288578351338704,-0.4393911692854642,-0.5172489383125513,1.5285060935889618,-0.3206324198725953,-0.45867637793223065
1999,Mid-Atlantic Bight,0.36682782130280667,27.673443698102602,0.07465684019413119,20,-0.9946510898417568,0.32345560821917796,1.1224264965060022,-0.24789537627843505,-0.697954212556893,0.9317870530013824,17.083625958333332,0.5644268989562988,0.6666264724672852,0.5485134638994255,1.4654398732511573,-0.21908825411917066,-0.27617566585540776
2000,Mid-Atlantic Bight,0.3521460867644184,23.902800200262202,0.03778321612042515,13,-1.0604065911227123,0.40564250874316937,0.813799060333128,-0.12448884081053901,-0.6458682950963128,0.7928686499148335,16.979196333333334,0.45999741554260254,0.3021165621938412,0.31330901592931065,1.2378600738155836,-0.22336509237053678,-0.1636096239089966
2001,Mid-Atlantic Bight,0.4320426311938875,30.167849967683843,0.07389807572986469,20,-0.9740382903055116,0.07104273431334605,0.3042299183685331,0.0814994676119494,-0.423045498920105,1.2398235992267874,16.58092325,0.06172418594360353,0.020056464972609128,0.083760512604464335,1.1471700533740923,0.04034844099486467,0.11734062830607096
2002,Mid-Atlantic Bight,0.1477499789852018,17.604158741611982,0.02593622739833286,13,-1.1390686219314126,1.051892882187734,1.3114632326930973,-0.5176356756941021,-0.26480354026622027,0.6923379124394291,17.346193833333334,0.8269950548807781,0.3603667947866424,0.5529420033908453,1.024072436902201,0.35562469008994574,0.40720586776733403
2003,Mid-Atlantic Bight,0.18722411838006833,19.97874839344952,0.040716531451285634,17,-1.1235890076639197,-0.5514093483859462,0.18532698198447872,-0.39811105459574486,0.4490149239946799,0.7156114539333712,15.739565,-0.7796341975529989,0.3243859679252218,0.5564055246196445,0.8744857337031607,0.26012487701549625,0.2267018715540568
2004,Mid-Atlantic Bight,0.15371585413347302,18.587811480749128,0.03375540053108058,15,-1.1206356424383055,-0.11358426760342293,-0.16685863689473662,-0.2239127821752746,0.7308303046470475,0.8000112542184753,16.184244816666666,-0.3349544604619344,-0.3254961035689336,-0.10842853436629797,0.8481305739465793,0.17271690185097605,0.04682559967041017
2005,Mid-Atlantic Bight,0.3987891128488294,27.76578204993106,0.02668506948648196,13,-1.0335579904443872,-0.22481634648465929,-0.1456820679664655,-0.24714997758981058,0.8137323791473471,-0.530957891583487,16.377948241666665,-0.14125072956085202,-0.22868797136716115,-0.22344249596511154,0.5833652656469152,0.04662513080541032,-0.07342402935028074
2006,Mid-Atlantic Bight,0.5980274532631993,34.339663754047926,0.13008589483206592,23,-0.9386913350203018,0.3547417177017502,-0.058880741843763615,-0.38382184520549584,0.33006229879235505,0.6641764549197154,16.908313458333332,0.389114777247111,-0.5359535622979759,-0.5095341410280205,0.4682358367855008,0.10336492748309116,-0.007945911089579243
2007,Mid-Atlantic Bight,0.6073057185032937,33.91661298683584,0.1010375717457236,22,-0.9494262615534564,0.3780705236513405,-0.819239905921597,-0.49510528321812014,-0.05237639007843961,-0.5687408568123296,16.779017833333334,0.2598183949788411,-1.31217500352659,-1.1789867293035494,0.21602008293514907,-0.03139954422418755,-0.12138124306996663
2008,Mid-Atlantic Bight,0.2948135534889488,22.296972956295903,0.030209392221257604,12,-1.0767730514927387,-0.10300231041691704,0.23865519604611968,0.12717847463529144,0.0654284822523481,-0.6415226318673606,16.6995605,0.1803614298502604,0.07282259310765109,-0.06522648635690392,-0.05540673422499729,0.05828186336961829,0.07061788241068523
2009,Mid-Atlantic Bight,0.2516257708088475,21.278419571012332,0.02875908743843548,14,-1.0786219225440814,-0.0718190630716737,0.7023776056300141,-0.23550491982813992,-0.173441090008776,-0.6384329545320965,16.735742525,0.21654371420542398,0.5153421467493928,0.3730566377827263,-0.34309557597511164,0.06663490427596813,0.1809175173441569
2010,Mid-Atlantic Bight,0.4090956333459272,27.626192829218176,0.05399547921304331,15,-1.0003445481324196,-0.01104610585773645,0.33538587117046775,-0.2371648783106283,0.032087857976089505,-0.6752026195977078,16.990892583333334,0.4716934363047282,0.10702821634535406,-0.1733274906947109,-0.37194452157795577,0.1093889524013527,0.3035063505172729
2011,Mid-Atlantic Bight,0.34013680969028254,24.544337893919614,0.0434808136884408,17,-1.039689062284263,0.4677820943910865,-0.10256391011976829,-0.07592451195539035,-0.44814826499756855,-0.6744164738591433,16.971013208333332,0.4518141349156698,-0.656497834744912,-0.5973003981782867,-0.6396631073337276,0.13199702773921995,0.3160462220509847
2012,Mid-Atlantic Bight,0.44019353093517577,27.550994012657114,0.07034546830112744,18,-0.9921486468559252,1.3864640948887892,0.7098424840359252,-0.6103143863643736,0.07264168658744569,-0.6158316647651502,17.920892833333333,1.4016941388448079,-0.468743578243274,-0.4527420680242133,-0.6490812689242916,0.3336757419867097,0.5444213708241781
2013,Mid-Atlantic Bight,0.5737770047380009,35.77632230572095,0.1169623115863677,24,-0.9202373401666392,0.04987406862338133,0.7358391694330189,-0.04672336314896836,0.3239993208709965,-0.7502472072376326,16.944607833333333,0.4254085222880045,0.46605921919417953,0.25966811827096814,-0.670826183998346,0.36425101779476937,0.5934307893117269
2014,Mid-Atlantic Bight,0.49144978492708385,31.21683934037099,0.08803210388358908,21,-0.960257303610052,0.3019793321113147,1.1380616384107307,-0.23723962702768486,-0.5006458525002835,-0.7175139468418049,16.928434833333334,0.4092357953389486,0.6968642753279894,0.6732614176039631,-0.6866423824602877,0.43901069683136706,0.6319692055384318
2015,Mid-Atlantic Bight,0.3921684697532661,26.512666307858446,0.0434808136884408,14,-1.0049841939850364,0.9756587701405648,1.3101014395291486,-0.039020562722713786,-0.6763359194927643,0.4657165952771113,17.525819666666667,1.0066206455230713,0.4108399140587975,0.42528783386421626,-0.45845853948532395,0.6363516720310273,0.7389546473821004
2016,Mid-Atlantic Bight,0.22809496235306376,20.82114870768052,0.031822389047457184,13,-1.09132147299318,0.7909859328007598,1.6183523338941659,0.10594057479859534,-0.3718969024642437,0.35073070983643295,17.875084,1.3558847904205322,0.8446579606576168,0.48797572866076216,-0.25342910274620867,0.700992439712962,0.9197687784830729
2017,Mid-Atlantic Bight,0.6669739243786016,39.907258322414904,0.12914501527496494,24,-0.903720475021339,0.7447679317265424,1.1513670058882908,-0.14230329195586927,-0.7966882536856221,0.33871731916036096,17.394740416666668,0.8755414485931396,0.4090982762949901,0.3587134494279236,-0.06251930596110647,0.5726532070805126,0.8145382404327393
2018,Mid-Atlantic Bight,0.24964761340932126,20.652108851462177,0.02668506948648196,11,-1.083729321151619,0.33398878346796745,1.2450730714262486,-0.005598615071164512,0.1989871012470809,0.4602626621177082,17.172244291666665,0.6530449390411377,0.7821110800997468,0.6088538672385583,0.1795826679099617,0.6294761500494298,0.8600655237833659
2019,Mid-Atlantic Bight,0.6280471783357969,34.98716832585379,0.10397636209948097,22,-0.9466365682591862,0.6641202306198831,1.8400516551375767,-0.2696793060140591,0.23508036095341744,0.6226514308765249,17.157977583333334,0.638778289159139,1.1526188305319303,1.2138631437364171,0.44761574345362765,0.7019043297511435,0.905974022547404
1970,Southern New England,0.24201772393286172,24.881346596774197,0.08145536089102355,22,-1.0210137954199223,NA,-0.9638780904092871,NA,NA,0.657488626987935,13.88801215,-0.47309104601542157,NA,-0.8083259821031872,NA,NA,NA
1971,Southern New England,0.18705964286030705,20.67255521197208,0.033868817809784305,15,-1.068002248135879,NA,-0.9514022665977778,NA,NA,0.1734883269392475,13.8798519,-0.48125161727269494,NA,-0.7901125686037453,NA,NA,NA
1972,Southern New England,0.3593544051779675,29.48983276490444,0.17051901604352773,28,-0.9236558723453372,NA,-0.058712438809067444,NA,NA,0.02209262212002843,13.795657916666666,-0.5654453039169312,NA,0.16177272639548124,NA,NA,NA
1973,Southern New England,0.2170831281038222,23.526593142976644,0.09500890088159557,18,-1.0097614172782166,NA,0.11943426177892785,NA,NA,0.2604368029339939,14.735826291666667,0.3747232357660929,NA,-0.32110063498782376,NA,NA,NA
1974,Southern New England,0.32719407014276936,24.62743748314549,0.07790498485904158,18,-0.9907066295950416,NA,0.6759867421277006,NA,NA,0.2860818039898049,14.843775416666666,0.4826724330584208,NA,0.1595541928953768,0.27991763659420194,NA,-0.1324784596761068
1975,Southern New England,0.27489778056696107,24.791608557534946,0.07651087847938821,17,-1.0238035607973672,NA,-0.033448538843695454,NA,NA,-0.2658885109808299,14.622858433333333,0.26175500949223834,NA,-0.3945569702689164,0.09524220900044897,NA,0.014490751425425186
1976,Southern New England,0.19354389368751174,20.18370721922319,0.04611859530008943,14,-1.10064980864523,NA,0.5148165168561576,NA,NA,-0.40750837608202795,14.253526208333334,-0.10757702589035038,NA,0.4133805533045109,-0.020957131603806124,NA,0.08922566970189409
1977,Southern New England,0.3052110796884976,23.083647967262426,0.0797698664495653,17,-1.0134072513446255,NA,0.31445886345316626,0.157380765684986,0.1817663037972444,-0.4251557188702847,13.8533325,-0.5077705780665079,NA,0.494393691939707,-0.11040679980186875,NA,0.10076061487197874
1978,Southern New England,0.21612234607453812,24.88369388152302,0.12072108489810798,25,-0.9985133040545427,NA,-0.43978090851291335,0.2131083511102702,-0.33105858637717617,1.0382134973146284,13.6668832,-0.6942196289698284,NA,-0.1287562190274551,0.04514853907425816,NA,-0.1130279580752055
1979,Southern New England,0.18216859220372295,19.38647686980226,0.0434808136884408,14,-1.0646191211231857,NA,-0.22075071319061954,0.27533471991211367,-0.3917994683525021,1.275156225854008,14.058789,-0.30231400330861413,NA,-0.1852696842586379,0.24296342344709876,NA,-0.2700252453486125
1980,Southern New England,0.24149143268024215,20.978722826541745,0.0797698664495653,17,-1.041092605300197,NA,0.031904951130429515,0.278229070810881,-0.4461006039893729,1.5572747430581562,14.208537441666667,-0.1525659163792928,NA,-0.03789991871428779,0.6075960742548959,NA,-0.3528894305229187
1981,Southern New England,0.25841681834319963,25.060820862739558,0.1029814215843308,22,-1.007322282508154,NA,-0.5786813107650196,0.09885909837423495,-0.3570229177753879,1.0493099271523618,13.802300316666667,-0.5588029424349467,NA,-0.3628663020410711,0.8989597349017739,NA,-0.443134613831838
1982,Southern New England,0.35650587713557635,26.762576360995745,0.08014683127456113,19,-1.0040615989266033,-0.5310728421917809,-0.49485657302356284,0.12044010103288064,0.04304991633207102,0.7380591187951007,14.095005058333333,-0.26609790325164795,-0.3696252685435627,-0.48483860490840647,1.131602702434851,-0.5310728421917809,-0.394800078868866
1983,Southern New England,0.20145289764180102,20.71760473309759,0.03853221120088992,14,-1.0739244242924542,0.27068558301369866,-0.2906453416306418,0.13403062953374864,-0.24679913012846488,0.6493085353641891,14.723998458333334,0.3628949920336405,-0.7105647137889441,-0.7228639567148842,1.053821710044763,-0.1301936295890411,-0.1833771546681722
1984,Southern New England,0.1660539764265996,19.50533453711959,0.03441164288197898,14,-1.0719174672136813,0.1524081546448089,0.4474456475753687,0.2661253870044746,-0.39727574681747946,0.5984281446654772,14.562500916666666,0.2013973593711853,0.10794828044908522,0.12877388142817536,0.918476093807057,-0.03599303484442443,-0.08263488213221232
1985,Southern New England,0.3774233020383385,27.50401857028212,0.05399547921304331,15,-0.9940170778532964,0.5523247241095891,0.6752069262109731,-0.1287612983880316,-0.25416860958856996,0.2988294741239373,14.9926243,0.6315207084019979,0.06378876400639719,0.054121123823523465,0.6667870400202132,0.11108640489407895,0.07418244282404582
1986,Southern New England,0.18069624545773122,19.441849745837242,0.04015999657627778,14,-1.0731854640284124,0.02137600383561648,0.2028943004965534,-0.09614683789227278,0.41712059484511016,0.5075592250141633,14.5933647,0.2322610020637512,-0.04750856705313225,-0.13747728450671257,0.5584368995925735,0.09314432468238645,0.2323952317237854
1987,Southern New England,0.3997553489345316,29.320755048428115,0.09013854449953815,23,-0.970629606208924,-0.5107345224657533,-0.6705036038930259,0.0519571619956609,0.6292281648104121,0.45788127502985154,14.095103491666666,-0.26600001255671185,-0.559101213973529,-0.6605544614304008,0.5024013308395237,0.09721198862759196,0.2324148098627726
1988,Southern New England,0.3800836699609347,25.06958041885739,0.0434808136884408,14,-1.0298894185855292,-0.3899919461748633,-0.6254831291191179,0.11989790748538785,0.5669822417130196,0.2279682533259208,13.648062083333334,-0.7130415439605713,-0.5961789062967249,-0.3012250002146017,0.41813327443187004,-0.034923517210120436,0.017227502663930257
1989,Southern New England,0.22844591019867366,21.495551788510635,0.03441164288197898,12,-1.0622063463231213,-0.04602253643835612,-0.8500733654427425,0.8994056571891026,0.2924534730026897,0.767275032090742,14.268053191666667,-0.09305012226104736,-1.0546490128726351,-0.961723002747534,0.45190265191692297,-0.07460965542675344,-0.04166199366251628
1990,Southern New England,0.3086661807742216,22.939760568086292,0.02668506948648196,11,-1.0550337438662334,0.18712474027397252,0.10183942148837799,0.2795714335174451,-0.15602599035806664,1.0668791312172723,14.393563041666667,0.03245957692464193,-0.2612632730673737,-0.09805442484056882,0.60551258333559,-0.14764965219387677,-0.16147421995798747
1991,Southern New England,0.4839552074073254,31.45250468618243,0.11162045110250077,25,-0.9461110793929302,0.1779710460273972,0.8594426281408589,0.237926113253236,-0.835509450012307,0.943462280326191,14.584066083333333,0.22296291589736938,0.5025639313073411,0.525608404508979,0.6926931943979955,-0.11633064375552062,-0.16333383719126385
1992,Southern New England,0.41934554282742675,27.32613394042139,0.04805894247826059,17,-1.0348665604110368,-0.8508935819672131,0.2817837356460688,0.4827111017540353,0.22986123388649668,1.018845494143126,13.564041483333334,-0.7970614035924275,0.6244751717696571,0.6651151162884004,0.8048860382206504,-0.18436245565581255,-0.26954611539840695
1993,Southern New England,0.1442964287161777,19.36332796792345,0.0434808136884408,14,-1.0581196952057428,-0.38264246191780826,0.5612926898983857,0.23997287037331852,0.054444216741775846,0.7065433498260622,13.841613875,-0.5194894274075826,0.5855996764090436,0.7494668863181283,0.9006010575206786,-0.18289255880440156,-0.23083569208780924
1994,Southern New England,0.1409929412272689,19.771286951646143,0.03932000856484112,13,-1.0607656111249242,-0.3108326569863012,0.8440283019521923,0.27359428079965864,-0.14305553771214663,-0.38956677474239054,14.11389125,-0.24721195300420126,0.8195086562542238,0.8407678083064786,0.6692326961540521,-0.23585458291399056,-0.26166805823644
1995,Southern New England,0.16374767904206944,19.93699548570675,0.0434808136884408,15,-1.1224129572173829,0.19961730410958903,1.0914106001657704,-0.33517036465613304,-0.2677589894475628,-1.0329562339231448,14.210029125,-0.151074210802714,0.7198136641853798,1.0205569318651877,0.24926562312596873,-0.23335607014686727,-0.2983748157819112
1996,Southern New England,0.35051681765365156,30.529453186876296,0.07147739075008813,20,-0.9647998641146188,-1.2717368163934428,-0.44704696209799855,0.5006721660682827,-0.03681579461474619,1.197202641017354,13.066889416666667,-1.2942139307657876,0.18179422536410894,0.2858257831512781,0.30001369526420135,-0.5232976426310353,-0.6018101851145427
1997,Southern New England,0.2739250226293196,24.55885227527224,0.0514800047718644,16,-1.0364361538656068,-0.27985186739726026,-0.380998800089314,0.18623619548442297,-0.5947212334145239,1.5464405120476514,13.699432,-0.661671777566274,-0.426583641831747,-0.09285807432281169,0.40553269884510645,-0.4090892997170447,-0.5747322599093119
1998,Southern New England,0.26579962112133754,24.604314546921014,0.07659810155679966,20,-1.0146282484092026,-0.32114512849315063,-0.253777622455349,0.6700479234816685,0.46052533369316934,0.786013575296256,14.367282441666667,0.006179491678873707,-0.27128536700824196,-0.4351942885293326,0.4214267439391452,-0.3967898330321132,-0.46959847609202066
1999,Southern New England,0.16897917732106085,20.058163820662926,0.03441164288197898,12,-1.0803397090275084,0.7997691161643835,1.1224264965060022,-0.24789537627843505,-0.697954212556893,0.2401836662381013,15.018744716666667,0.6576415101687114,0.3427600521278365,0.4829755039704177,0.5473768321352436,-0.17466947840197625,-0.2886277834574381
2000,Southern New England,0.11738082458746103,17.043044621392855,0.03441164288197898,14,-1.0853664153554667,0.13636654644808738,0.813799060333128,-0.12448884081053901,-0.6458682950963128,0.2859835776741878,14.708149166666667,0.34704569975535077,0.4852090853687267,0.39272387296614203,0.8111647944547101,-0.18731962993427656,-0.18900380134582515
2001,Southern New England,0.2744253518314928,25.25904733259557,0.07515924584331372,21,-1.0109714755413417,0.27377008660502383,0.3042299183685331,0.0814994676119494,-0.423045498920105,0.35117150676179165,14.524959675,0.16385674476623538,-0.11778674290709068,0.011952461693736125,0.6419585676035976,0.12178175066541677,0.10261033376057944
2002,Southern New England,0.2361146375412564,22.717983726421515,0.04611859530008943,15,-1.034061901646434,0.7852771130683626,1.3114632326930973,-0.5176356756941021,-0.26480354026622027,0.195676708489049,14.943138416666667,0.582035223642985,0.541650536083925,0.7251700199546386,0.37180580689187714,0.33480754675854135,0.35135173400243125
2003,Southern New England,0.2755626940585008,23.79902947091414,0.04510880697077181,16,-1.0682831564801156,-0.30845741258605125,0.18532698198447872,-0.39811105459574486,0.4490149239946799,0.4526329300279952,13.68107945,-0.6800238291422527,0.15919230356434622,0.4863707924193361,0.305129677838225,0.3373450899399612,0.21411106983820596
2004,Southern New England,0.28436905512269584,26.05319888553933,0.05398566396915686,20,-1.0298149725062735,-0.520413410873138,-0.16685863689473662,-0.2239127821752746,0.7308303046470475,-0.2978879906339939,14.052080916666666,-0.30902216831843055,-0.048875146735425944,-0.12666118589230635,0.19751534646380595,0.07330858453245691,0.020778334140777583
2005,Southern New England,0.13173942990883145,19.858035913716343,0.03441164288197898,15,-1.0877512102733071,0.05954227173468598,-0.1456820679664655,-0.24714997758981058,0.8137323791473471,-1.4269314576984666,14.428128166666667,0.06702478726704908,-0.42203585304421337,-0.3698782563949387,-0.14506766061072493,0.05794372958977663,-0.03522584835688276
2006,Southern New England,0.20060512764157828,20.580622373688865,0.0434808136884408,15,-1.0723447801724233,0.5359645672397392,-0.058880741843763615,-0.38382184520549584,0.33006229879235505,-1.184095936178811,14.917492883333333,0.5563896894454956,-0.6591749166886536,-0.6271429187742948,-0.4521211491988455,0.1103826257167197,0.04328074057896929
2007,Southern New England,0.2409730338236029,22.48324032716668,0.04414579691634654,14,-1.0354798351346597,0.01341694858279722,-0.819239905921597,-0.49510528321812014,-0.05237639007843961,-1.5280218362666749,14.3942315,0.03312840064366661,-1.0642310631355116,-1.019603993358959,-0.7968608581499903,-0.04398940718039337,-0.06650062402089439
2008,Southern New England,0.24514538601448915,24.67093428217107,0.06614293572080227,20,-1.0195199693955832,0.22953992357562947,0.23865519604611968,0.12717847463529144,0.0654284822523481,-1.1948934282807953,14.602936125,0.2418329119682312,-0.15328743975591186,-0.10844627217614476,-1.1263661298117484,0.06361006005194278,0.11787072420120238
2009,Southern New England,0.23325213580660417,23.77018107906554,0.06394485016938731,20,-1.04030948222271,0.2890179920226883,0.7023776056300141,-0.23550491982813992,-0.173441090008776,-1.4870683352063896,14.550036858333334,0.18893378973007205,0.26999322548242927,0.39246881040644893,-1.3642021987262274,0.22549634063110802,0.2174619158109029
2010,Southern New England,0.16190710324897087,20.829391557160523,0.038545906213382414,15,-1.0837157451445971,0.4359990941692029,0.33538587117046775,-0.2371648783106283,0.032087857976089505,-1.4699799356134382,15.177424941666667,0.8163215517997742,-0.19693739925779047,-0.41563095932427385,-1.3728118943092218,0.3007877051180114,0.3673212687174479
2011,Southern New England,0.13697927167299304,19.806534942507977,0.0434808136884408,17,-1.0837219637662343,0.6105143362885609,-0.10256391011976829,-0.07592451195539035,-0.44814826499756855,-1.4726212986335026,15.016273175,0.6551701426506042,-0.7535477388086809,-0.7402773168491698,-1.43051696680016,0.31569765892777574,0.38707735935846965
2012,Southern New England,0.43490795536606575,31.673744877179008,0.07607766563529186,22,-0.9701975955189888,2.0721042275939108,0.7098424840359252,-0.6103143863643736,0.07264168658744569,-1.4724060927086653,16.038198083333334,1.6770947178204854,-0.9349403409137489,-0.6463725715962754,-1.4193938180885581,0.7274351147299984,0.7158706227938334
2013,Southern New England,0.16795277578275342,22.940409527055785,0.03185775189959743,14,-1.076583511053622,0.8328818986217593,0.7358391694330189,-0.04672336314896836,0.3239993208709965,-1.4583175620819102,15.120148625,0.7590454419453939,-0.06634210633889132,0.025092414023093524,-1.4720786448487813,0.8481035097392244,0.819313128789266
2014,Southern New England,0.17176628111568631,20.618842011828605,0.04552308014615274,16,-1.072122544092638,0.971249849374749,1.1380616384107307,-0.23723962702768486,-0.5006458525002835,-1.4721063324600383,14.921457816666667,0.560354212919871,0.24179793131455274,0.5670120574753795,-1.469086244299511,0.9845498812096366,0.8935972134272258
2015,Southern New England,0.13910288594403256,16.381614646841978,0.02668506948648196,12,-1.1419838386831982,1.249132200662173,1.3101014395291486,-0.039020562722713786,-0.6763359194927643,-1.5320418588155913,15.457443991666667,1.0963407357533772,0.22489334835449043,0.3622068254057725,-1.4814986289399414,1.1471765025082306,0.9496010502179464
2016,Southern New England,0.15694861875732855,18.53667487820626,0.050187754636874526,14,-1.082166643730749,1.3723725649687388,1.6183523338941659,0.10594057479859534,-0.3718969024642437,-1.5184750755240222,16.076677541666665,1.715574284394582,0.44934772012773466,0.23508280408224655,-1.4906693843180454,1.2995481482442661,1.161681878566742
2017,Southern New England,0.314870142081334,29.320329316790932,0.10158527288493321,23,-0.9541481066692818,0.772784093180517,1.1513670058882908,-0.14230329195586927,-0.7966882536856221,-1.5073857741312255,15.5551095,1.1940059661865234,0.39004886079364637,0.13480526034279178,-1.4976653206025574,1.0396841213615875,1.0650641282399496
2018,Southern New England,0.2254808793719299,22.293753308648558,0.04858952703743565,15,-1.0611918971088672,0.6235030982949287,1.2450730714262486,-0.005598615071164512,0.1989871012470809,-1.5244518562081055,15.099108916666667,0.7380053202311198,0.5852576144390109,0.5491193472361748,-1.5108921794277965,0.9978083612962213,1.0608561038970947
2019,Southern New England,0.33620490923366797,30.322398684261533,0.10191576396158197,23,-0.9689681636435516,0.7930694030112739,1.8400516551375767,-0.2696793060140591,0.23508036095341744,-1.296794055145429,14.99942135,0.6383180022239685,1.0649406392324752,1.2141867653910128,-1.4758297239648748,0.9621722720235263,1.0764488617579142
